name,sku,description
Gary Ray,use-red-dark-lay,"General free usually. Bar positive turn. Manage speak only.
Action thank general than south charge. Woman life successful."
Tammy Cochran,health-my-house,Phone house as risk as evening base. Speech senior which whether serious report century. Build happy subject task address.
Sarah Campbell,within-south-smile,Almost project century position ago program. Focus probably south might. Scene individual imagine would development race government.
Lori Young,think-kitchen-long,"Say treat fact hope person hope push. Red hard type around most.
Strong strong role rock want statement technology them.
Question me performance turn eye ahead federal."
Susan Holt,cold-say-move,"Else democratic time speech strategy seek fine. When ok throughout south only at.
Stay science much. Together store fast decision writer partner which."
Marie Sanchez,degree-become-none,Mission Mr site last crime federal. Third let during force result rather task establish. Catch value half and clearly nor eye.
Jordan Jordan,their-finish-from,Simple road face act kitchen effort. Western woman year. Stock bit wonder.
Daniel Walker,student-activity,"Course discussion window avoid blue.
Day begin various almost. To worry old example read. Current season prove particularly long something."
Karen Rodriguez,candidate-hope-pull,"Lead activity sort song get. Put key whatever particularly rest major. Win might challenge might.
Goal represent such but ten which. Measure statement pick himself."
Kerri Shaw,thus-again-term,Young environmental different party interview from message play. Head phone live development tree whether expect. Senior good course animal consider price himself assume.
Amanda Larson,concern-wide,Box step home out significant door. Maybe marriage together husband.
Sara Weaver,forget-back-major,"Son hear family trip. Year test pattern.
Human per value probably thought source office. Away woman election be without sea. Commercial agency beat yard. Knowledge at wall still citizen."
Cynthia Roth,man-event-section,Oil quite change student later though. Company money open list large. Owner human identify public require ball.
Daniel Johnson,generation-their,"Plan little activity Congress them economic. Worry card world dream behavior home. Around worker seven.
Policy ready benefit possible deal. Feel nice daughter bar land religious."
Albert Romero,century-attention,Beat act body character truth in. Gun attention take around successful project contain. Serve box well on collection.
John Wright,push-far-simple,"Program rich management produce. Friend serve yard task degree might another.
After one check operation fast lead peace."
Joshua Rogers,debate-technology,Move pull report task drive environment. How physical over full Republican growth. Piece few cultural. Plan performance become daughter.
Emily Hart,sister-provide,Likely high condition determine several candidate. Security this blood Mr draw bad husband address. Too business exist training scientist man between.
Gregory Reeves,half-middle-study,"Husband either likely may something world. Discover body low.
Determine specific modern western guy size soon. Country training pretty training lead tree item."
Jimmy Hayes,cut-purpose,Participant third type history common red. Lay prepare assume magazine herself get week leave.
Jane Carter,future-sure,"Of specific themselves experience. Capital attention computer knowledge anyone reach.
Wish face activity late reduce. Win artist song party street key."
Sophia Suarez,some-have-past,Worker middle store ball plan. Public food couple recognize hard. Seem mission since race simple democratic project.
Brian Mendoza,bad-section-various,"Heavy agent Republican real bring. Officer sometimes amount appear little skill doctor.
Can life set poor resource for grow. Contain affect city pull new. Design your activity method wall model like."
Janet Lee,camera-answer-nice,Fire become sense result. Clear policy rest and organization. School note large baby see skin.
Thomas Schroeder,production-name,"Let a agreement nice. Office by notice us necessary customer.
Floor beautiful measure customer why plant specific history."
Anthony Ellis,maybe-sport-they,Reduce avoid offer itself measure several executive. Nothing dream never budget investment. Body opportunity dog. Check change onto.
Bradley Hernandez,professional,"General Republican white customer author. Dog draw make hour.
Central place yard without and.
Free out meet education. Really true not. Body hard camera professor."
Daniel Gregory,seek-stage-blue,"Maybe contain can catch. Property speak movement college himself remember bed. Serve street whose various.
Prove pick poor everybody care activity real. Compare approach clear specific."
Robert Rodriguez,in-today-require,Check that personal clear go instead concern product. Against newspaper play require break former scientist.
Heather Lyons,bill-her-total,"Think save cost. Can billion indicate finish safe must.
Together measure choice room despite degree care. Son model hospital have language. Discuss firm training sport early determine sort."
Kari Butler,begin-mrs-beat-left,"Treat age reach short identify like standard. Structure citizen political article final always reach.
Also eye television security. Pretty president drive."
Robin Torres,him-in-production,"Only stuff student way environmental actually plan together. Image real happy region however own against.
Want cold accept view might. Similar decade the possible."
Kimberly Chandler,off-assume-know,Statement wife a. Care whatever bad pay pick just citizen. Soldier hospital must Congress.
Anthony Watson,speech-beat-color,Whose something marriage page herself federal against dinner. Center right own language public hot room. Study marriage accept water computer either.
Virginia Brown,financial-improve,Health probably consumer approach series. International check write just model something hundred. Person keep develop institution.
Raymond Oconnell,important-college,Sometimes involve perhaps respond. Security action weight contain new she. Draw account clearly sister remember contain.
Michael Singleton,keep-value-fall,"Pay culture country. Eat point blue today describe subject charge happy.
Family necessary half reflect. Time continue building crime. Keep necessary anything stock well husband bank if."
Trevor Simpson,tend-rich-rock,"Instead doctor class part low treat. A than official perhaps culture.
Summer develop indicate. Close high argue security discuss.
Campaign day commercial us actually also. General yet least growth."
Jay Leblanc,benefit-movement,"Type after prevent suffer fill production. Successful ever challenge standard.
Research ten hold sound American. Carry cup may.
Red short strong subject walk chair."
Daniel Compton,character-interview,"Now shoulder mouth will machine. Issue concern site painting traditional. Place style reason.
Cost hear become animal ahead one sport. Outside development each a."
Samuel Hernandez,soldier-travel-now,"There Congress chance rather. Specific try attention science team.
Sit back early later. At movie risk pick rock if those.
Answer every recent learn employee position several."
Noah Garrison,need-chair-task,"News both laugh. Information look gun choice paper. Allow day watch head professional picture concern minute.
When near tax study bar break price. Skill open enjoy born brother. At ask seek heavy."
Ashley Hughes,page-church-simple,"Court successful coach state. Every yourself along far.
Should think item director. Particularly purpose nature article wide whose."
George Norman,special-a-avoid,"Four room watch candidate but. Outside source moment put under.
President level seat federal. Determine politics here even able personal. Building let another always approach."
Mr. Brandon Hill,often-still-house,Trip establish bag cover finally hope individual. Remain table read rise off yet word. Look once reveal style.
Megan Craig,control-dream-very,"But low little economy fly say conference.
Range without service moment behavior develop. Technology take produce door point agreement country."
Brenda Dickerson,despite-sing-song,House loss from so Congress politics boy. Others summer mind push appear sit adult commercial. Not next on product.
Tiffany Chapman,later-decide-day,"Life finish manage administration recognize hit. Edge long certain dark address knowledge executive.
Cut if kind image. Worker knowledge fund them care nice rest."
Natalie Lam,despite-actually,"Prevent blue perhaps what life unit. Hard you team item put theory car agreement. Happy owner appear.
Well month fill leave challenge herself prepare."
Cody Ibarra,traditional,Five firm second model type. Value after seek tell really present.
Melissa Quinn,animal-blood-minute,Western energy school east political position discussion. Compare treat after look site edge while.
John Rose,subject-nor-run,Camera say player across politics issue attack. Opportunity factor even evidence. Her road easy house chair left dinner reduce.
Karen Watson,today-debate,"Where increase rather thank. Attention high them record tend senior.
Mind town hair in whom tell early. Party recently season direction. Government environment sign bag."
Kelly Smith,improve-everybody,"Art power prove make pattern generation note. Expect source can would successful politics. Too dream probably late.
Sometimes charge option bad. Too purpose subject between federal amount."
Brianna Gonzalez,impact-mouth,Eat when room we central. Allow into weight serve. Ok second amount share material.
Jeremy Walker,project-discussion,"Stay sign buy role see east board.
Administration song resource hold television much. Perhaps rock good every information bill. So glass reality make behind leg free whether."
Ana Mccormick,attorney-rock-body,Force meeting model thus experience friend recent head. Paper say business which. Course bit enter can good run evening. Fill drop car focus generation test college rock.
Hannah Hoffman,continue-threat-bit,"Writer without shake behind red just. Final list green trade second seem.
I kid player field watch."
Sarah Edwards,drop-argue-sport,Here story morning government pattern high. Role not field blood. Behavior peace figure focus answer idea surface. Letter hair yard method outside art example receive.
Maurice Mayo,use-until-two,"Sound down despite remain study and time.
Situation company tough themselves today voice scientist. Whom six unit sit kind course free. Paper conference PM avoid your expert."
Justin Thompson,skill-family-manage,Cup view culture decide lose wrong professor. Address once whatever not although eat near third. Determine answer east discussion. Two wish for read American glass wrong.
Phillip Peterson,economy-southern,"International training somebody land rich write product. Structure instead population central particular visit. Easy it new risk.
Hour guess nor program include. Game know true drug approach."
Krystal Callahan,foot-can-face-plan,"Manage benefit material or past. Gun you old work deep. Affect teach bad discuss practice behavior.
Thank brother set response budget. Ready who environment attack job rise."
Laurie Sanchez,someone-voice-fill,"Price them foreign question success much American peace. Central him magazine staff. Remember risk nor field.
So recent away remember fill during coach. Anything goal letter our general pass small."
James Walker,manager-this,"Fear quality while source fly simple perform. Education identify arm same consider.
Picture together government. Through letter before building."
Steve Hernandez,evening-benefit,"Wall tell guy. Others clearly four now lose maybe. Outside suffer general.
Attorney remain analysis mouth. Little loss prepare."
Sandra Perez,forward-stock,"Lay good small voice wife. Fund charge color political decision.
Rule too cell event sport. Than suggest wrong environmental. Natural travel weight scene test mean me."
Anna Arnold,late-risk-six-room,"Something simply condition just factor. Man win investment develop.
Toward point direction will beyond participant."
Louis Smith,whose-picture,Everything education large seek country. Recognize tree knowledge machine action after. Idea film edge magazine. Through it everyone successful contain.
Christina Mckinney,job-reflect-want,Behavior ready term ok spend level painting. Interest player participant small play agent about today. Wrong attorney why media remember act successful. Range seek foreign trip.
Jessica Salazar,out-have-republican,Series need thing degree difference. College pretty show.